{"recharges": [{"polar_user": "https://www.polaraccesslink.com/v3/users/50463526", "date": "2021-12-31", "heart_rate_avg": 57, "beat_to_beat_avg": 1050, "heart_rate_variability_avg": 93, "breathing_rate_avg": 16.4}, {"polar_user": "https://www.polaraccesslink.com/v3/users/50463526", "date": "2022-01-01", "heart_rate_avg": 66, "beat_to_beat_avg": 904, "heart_rate_variability_avg": 64, "breathing_rate_avg": 15.9}, {"polar_user": "https://www.polaraccesslink.com/v3/users/50463526", "date": "2022-01-02", "heart_rate_avg": 53, "beat_to_beat_avg": 1118, "heart_rate_variability_avg": 108, "breathing_rate_avg": 16.0}, {"polar_user": "https://www.polaraccesslink.com/v3/users/50463526", "date": "2022-01-03", "heart_rate_avg": 52, "beat_to_beat_avg": 1151, "heart_rate_variability_avg": 93, "breathing_rate_avg": 15.3, "nightly_recharge_status": 5, "ans_charge": 7.1}, {"polar_user": "https://www.polaraccesslink.com/v3/users/50463526", "date": "2022-01-04", "heart_rate_avg": 51, "beat_to_beat_avg": 1165, "heart_rate_variability_avg": 106, "breathing_rate_avg": 15.4, "nightly_recharge_status": 6, "ans_charge": 6.0}, {"polar_user": "https://www.polaraccesslink.com/v3/users/50463526", "date": "2022-01-06", "heart_rate_avg": 62, "beat_to_beat_avg": 964, "heart_rate_variability_avg": 43, "breathing_rate_avg": 15.2, "nightly_recharge_status": 2, "ans_charge": -10.0}, {"polar_user": "https://www.polaraccesslink.com/v3/users/50463526", "date": "2022-01-07", "heart_rate_avg": 60, "beat_to_beat_avg": 986, "heart_rate_variability_avg": 53, "breathing_rate_avg": 14.4, "nightly_recharge_status": 4, "ans_charge": -5.6}, {"polar_user": "https://www.polaraccesslink.com/v3/users/50463526", "date": "2022-01-08", "heart_rate_avg": 66, "beat_to_beat_avg": 902, "heart_rate_variability_avg": 47, "breathing_rate_avg": 14.8, "nightly_recharge_status": 1, "ans_charge": -8.3}, {"polar_user": "https://www.polaraccesslink.com/v3/users/50463526", "date": "2022-01-11", "heart_rate_avg": 63, "beat_to_beat_avg": 940, "heart_rate_variability_avg": 37, "breathing_rate_avg": 15.5, "nightly_recharge_status": 4, "ans_charge": -5.4}, {"polar_user": "https://www.polaraccesslink.com/v3/users/50463526", "date": "2022-01-12", "heart_rate_avg": 62, "beat_to_beat_avg": 959, "heart_rate_variability_avg": 46, "breathing_rate_avg": 15.2, "nightly_recharge_status": 4, "ans_charge": -2.9}, {"polar_user": "https://www.polaraccesslink.com/v3/users/50463526", "date": "2022-01-13", "heart_rate_avg": 59, "beat_to_beat_avg": 1008, "heart_rate_variability_avg": 53, "breathing_rate_avg": 14.9, "nightly_recharge_status": 5, "ans_charge": -0.0}]}