{"nights": [{"polar_user": "https://www.polaraccesslink.com/v3/users/50463526", "date": "2021-12-31", "sleep_start_time": "2021-12-30T23:56:26.79+01:00", "sleep_end_time": "2021-12-31T07:59:56.79+01:00", "device_id": "8D00B723", "continuity": 2.5, "continuity_class": 2, "light_sleep": 14250, "deep_sleep": 5970, "rem_sleep": 6930, "unrecognized_sleep_stage": 0, "sleep_score": 86, "total_interruption_duration": 1860}, {"polar_user": "https://www.polaraccesslink.com/v3/users/50463526", "date": "2022-01-13", "sleep_start_time": "2022-01-12T22:39:55.75+01:00", "sleep_end_time": "2022-01-13T06:12:25.75+01:00", "device_id": "8D00B723", "continuity": 3.8, "continuity_class": 3, "light_sleep": 13140, "deep_sleep": 4680, "rem_sleep": 8130, "unrecognized_sleep_stage": 0, "sleep_score": 88, "total_interruption_duration": 1200}, {"polar_user": "https://www.polaraccesslink.com/v3/users/50463526", "date": "2022-01-12", "sleep_start_time": "2022-01-11T22:26:24.052+01:00", "sleep_end_time": "2022-01-12T06:31:54.052+01:00", "device_id": "8D00B723", "continuity": 4.4, "continuity_class": 4, "light_sleep": 19080, "deep_sleep": 4890, "rem_sleep": 4020, "unrecognized_sleep_stage": 0, "sleep_score": 88, "total_interruption_duration": 1140}, {"polar_user": "https://www.polaraccesslink.com/v3/users/50463526", "date": "2022-01-11", "sleep_start_time": "2022-01-10T22:39:05.062+01:00", "sleep_end_time": "2022-01-11T05:49:05.062+01:00", "device_id": "8D00B723", "continuity": 4.5, "continuity_class": 4, "light_sleep": 14940, "deep_sleep": 4470, "rem_sleep": 5610, "unrecognized_sleep_stage": 0, "sleep_score": 88, "total_interruption_duration": 780}, {"polar_user": "https://www.polaraccesslink.com/v3/users/50463526", "date": "2022-01-08", "sleep_start_time": "2022-01-08T00:55:30.059+01:00", "sleep_end_time": "2022-01-08T06:30:00.059+01:00", "device_id": "8D00B723", "continuity": 4.1, "continuity_class": 4, "light_sleep": 11490, "deep_sleep": 5490, "rem_sleep": 2250, "unrecognized_sleep_stage": 0, "sleep_score": 59, "total_interruption_duration": 840}, {"polar_user": "https://www.polaraccesslink.com/v3/users/50463526", "date": "2022-01-07", "sleep_start_time": "2022-01-06T23:06:38.227+01:00", "sleep_end_time": "2022-01-07T06:16:08.227+01:00", "device_id": "8D00B723", "continuity": 3.7, "continuity_class": 3, "light_sleep": 15390, "deep_sleep": 4350, "rem_sleep": 4890, "unrecognized_sleep_stage": 0, "sleep_score": 82, "total_interruption_duration": 1140}, {"polar_user": "https://www.polaraccesslink.com/v3/users/50463526", "date": "2022-01-06", "sleep_start_time": "2022-01-05T22:37:12.157+01:00", "sleep_end_time": "2022-01-06T06:13:42.157+01:00", "device_id": "8D00B723", "continuity": 3.2, "continuity_class": 3, "light_sleep": 15090, "deep_sleep": 4020, "rem_sleep": 6840, "unrecognized_sleep_stage": 0, "sleep_score": 85, "total_interruption_duration": 1440}, {"polar_user": "https://www.polaraccesslink.com/v3/users/50463526", "date": "2022-01-04", "sleep_start_time": "2022-01-04T00:46:39.585+01:00", "sleep_end_time": "2022-01-04T09:00:09.585+01:00", "device_id": "8D00B723", "continuity": 2.7, "continuity_class": 2, "light_sleep": 17220, "deep_sleep": 4890, "rem_sleep": 5490, "unrecognized_sleep_stage": 0, "sleep_score": 81, "total_interruption_duration": 2010}, {"polar_user": "https://www.polaraccesslink.com/v3/users/50463526", "date": "2022-01-03", "sleep_start_time": "2022-01-02T23:55:40.041+01:00", "sleep_end_time": "2022-01-03T09:19:40.041+01:00", "device_id": "8D00B723", "continuity": 1.8, "continuity_class": 1, "light_sleep": 18210, "deep_sleep": 5940, "rem_sleep": 6450, "unrecognized_sleep_stage": 0, "sleep_score": 70, "total_interruption_duration": 3240}, {"polar_user": "https://www.polaraccesslink.com/v3/users/50463526", "date": "2022-01-02", "sleep_start_time": "2022-01-01T23:51:10.163+01:00", "sleep_end_time": "2022-01-02T09:20:40.163+01:00", "device_id": "8D00B723", "continuity": 1.0, "continuity_class": 1, "light_sleep": 19950, "deep_sleep": 4860, "rem_sleep": 5370, "unrecognized_sleep_stage": 0, "sleep_score": 59, "total_interruption_duration": 3990}, {"polar_user": "https://www.polaraccesslink.com/v3/users/50463526", "date": "2022-01-01", "sleep_start_time": "2022-01-01T01:38:35.45+01:00", "sleep_end_time": "2022-01-01T10:57:05.45+01:00", "device_id": "8D00B723", "continuity": 1.0, "continuity_class": 1, "light_sleep": 19590, "deep_sleep": 4320, "rem_sleep": 4860, "unrecognized_sleep_stage": 0, "sleep_score": 56, "total_interruption_duration": 4740}]}