[{"cardio_load_level": {"very_low": 0.0, "low": 27.177963, "medium": 40.766945, "high": 67.94491, "very_high": 108.71185}, "date": "2023-02-26", "cardio_load_status": "MAINTAINING", "cardio_load_ratio": 0.95655805, "cardio_load": 0.0, "strain": 30.598413, "tolerance": 31.988037}, {"cardio_load_level": {"very_low": 0.0, "low": 27.177963, "medium": 40.766945, "high": 67.94491, "very_high": 108.71185}, "date": "2023-02-27", "cardio_load_status": "MAINTAINING", "cardio_load_ratio": 0.9300514, "cardio_load": 76.2945, "strain": 29.435743, "tolerance": 31.649588}, {"cardio_load_level": {"very_low": 0.0, "low": 26.822382, "medium": 40.233574, "high": 67.055954, "very_high": 107.28953}, "date": "2023-02-28", "cardio_load_status": "MAINTAINING", "cardio_load_ratio": 0.97004944, "cardio_load": 0.0, "strain": 29.435743, "tolerance": 30.34458}, {"cardio_load_level": {"very_low": 0.0, "low": 26.822382, "medium": 40.233574, "high": 67.055954, "very_high": 107.28953}, "date": "2023-03-01", "cardio_load_status": "DETRAINING", "cardio_load_ratio": 0.7537877, "cardio_load": 0.0, "strain": 22.873371, "tolerance": 30.34458}, {"cardio_load_level": {"very_low": 0.0, "low": 26.822382, "medium": 40.233574, "high": 67.055954, "very_high": 107.28953}, "date": "2023-03-02", "cardio_load_status": "DETRAINING", "cardio_load_ratio": 0.7537877, "cardio_load": 0.0, "strain": 22.873371, "tolerance": 30.34458}, {"cardio_load_level": {"very_low": 0.0, "low": 26.822382, "medium": 40.233574, "high": 67.055954, "very_high": 107.28953}, "date": "2023-03-03", "cardio_load_status": "DETRAINING", "cardio_load_ratio": 0.3831788, "cardio_load": 0.0, "strain": 10.899215, "tolerance": 28.4442}, {"cardio_load_level": {"very_low": 0.0, "low": 26.822382, "medium": 40.233574, "high": 67.055954, "very_high": 107.28953}, "date": "2023-03-04", "cardio_load_status": "DETRAINING", "cardio_load_ratio": 0.3831788, "cardio_load": 0.0, "strain": 10.899215, "tolerance": 28.4442}, {"cardio_load_level": {"very_low": 0.0, "low": 26.822382, "medium": 40.233574, "high": 67.055954, "very_high": 107.28953}, "date": "2023-03-05", "cardio_load_status": "DETRAINING", "cardio_load_ratio": 0.41645417, "cardio_load": 0.0, "strain": 10.899215, "tolerance": 26.171463}, {"cardio_load_level": {"very_low": 0.0, "low": 26.822382, "medium": 40.233574, "high": 67.055954, "very_high": 107.28953}, "date": "2023-03-06", "cardio_load_status": "DETRAINING", "cardio_load_ratio": 0.0, "cardio_load": 0.0, "strain": 0.0, "tolerance": 23.394974}, {"cardio_load_level": {"very_low": 0.0, "low": 26.822382, "medium": 40.233574, "high": 67.055954, "very_high": 107.28953}, "date": "2023-03-07", "cardio_load_status": "DETRAINING", "cardio_load_ratio": 0.15424612, "cardio_load": 23.2497, "strain": 3.3213859, "tolerance": 21.533026}, {"cardio_load_level": {"very_low": 0.0, "low": 26.748354, "medium": 40.12253, "high": 66.87089, "very_high": 106.993416}, "date": "2023-03-08", "cardio_load_status": "DETRAINING", "cardio_load_ratio": 0.15424612, "cardio_load": 0.0, "strain": 3.3213859, "tolerance": 21.533026}, {"cardio_load_level": {"very_low": 0.0, "low": 26.748354, "medium": 40.12253, "high": 66.87089, "very_high": 106.993416}, "date": "2023-03-09", "cardio_load_status": "DETRAINING", "cardio_load_ratio": 0.15424612, "cardio_load": 0.0, "strain": 3.3213859, "tolerance": 21.533026}, {"cardio_load_level": {"very_low": 0.0, "low": 26.748354, "medium": 40.12253, "high": 66.87089, "very_high": 106.993416}, "date": "2023-03-10", "cardio_load_status": "DETRAINING", "cardio_load_ratio": 0.61247283, "cardio_load": 81.5569, "strain": 14.972371, "tolerance": 24.445772}, {"cardio_load_level": {"very_low": 0.0, "low": 26.48339, "medium": 39.725086, "high": 66.20848, "very_high": 105.93356}, "date": "2023-03-11", "cardio_load_status": "DETRAINING", "cardio_load_ratio": 0.61247283, "cardio_load": 0.0, "strain": 14.972371, "tolerance": 24.445772}, {"cardio_load_level": {"very_low": 0.0, "low": 26.48339, "medium": 39.725086, "high": 66.20848, "very_high": 105.93356}, "date": "2023-03-12", "cardio_load_status": "MAINTAINING", "cardio_load_ratio": 0.99009985, "cardio_load": 63.3064, "strain": 24.016144, "tolerance": 24.256283}, {"cardio_load_level": {"very_low": 0.0, "low": 26.588898, "medium": 39.883347, "high": 66.472244, "very_high": 106.35559}, "date": "2023-03-13", "cardio_load_status": "OVERREACHING", "cardio_load_ratio": 1.5757147, "cardio_load": 107.663, "strain": 39.396572, "tolerance": 25.002352}, {"cardio_load_level": {"very_low": 0.0, "low": 27.039894, "medium": 40.55984, "high": 67.59973, "very_high": 108.15958}, "date": "2023-03-14", "cardio_load_status": "OVERREACHING", "cardio_load_ratio": 1.5264907, "cardio_load": 0.0, "strain": 36.075188, "tolerance": 23.63276}, {"cardio_load_level": {"very_low": 0.0, "low": 27.039894, "medium": 40.55984, "high": 67.59973, "very_high": 108.15958}, "date": "2023-03-15", "cardio_load_status": "OVERREACHING", "cardio_load_ratio": 1.5264907, "cardio_load": 0.0, "strain": 36.075188, "tolerance": 23.63276}, {"cardio_load_level": {"very_low": 0.0, "low": 27.039894, "medium": 40.55984, "high": 67.59973, "very_high": 108.15958}, "date": "2023-03-16", "cardio_load_status": "OVERREACHING", "cardio_load_ratio": 1.5264907, "cardio_load": 0.0, "strain": 36.075188, "tolerance": 23.63276}, {"cardio_load_level": {"very_low": 0.0, "low": 27.039894, "medium": 40.55984, "high": 67.59973, "very_high": 108.15958}, "date": "2023-03-17", "cardio_load_status": "OVERREACHING", "cardio_load_ratio": 1.525204, "cardio_load": 91.5748, "strain": 37.506313, "tolerance": 24.591015}, {"cardio_load_level": {"very_low": 0.0, "low": 26.8773, "medium": 40.31595, "high": 67.19325, "very_high": 107.5092}, "date": "2023-03-18", "cardio_load_status": "OVERREACHING", "cardio_load_ratio": 1.5910925, "cardio_load": 0.0, "strain": 37.506313, "tolerance": 23.57268}, {"cardio_load_level": {"very_low": 0.0, "low": 26.8773, "medium": 40.31595, "high": 67.19325, "very_high": 107.5092}, "date": "2023-03-19", "cardio_load_status": "PRODUCTIVE", "cardio_load_ratio": 1.2114773, "cardio_load": 0.0, "strain": 28.462543, "tolerance": 23.494078}, {"cardio_load_level": {"very_low": 0.0, "low": 26.8773, "medium": 40.31595, "high": 67.19325, "very_high": 107.5092}, "date": "2023-03-20", "cardio_load_status": "DETRAINING", "cardio_load_ratio": 0.63881856, "cardio_load": 0.0, "strain": 13.082114, "tolerance": 20.478607}, {"cardio_load_level": {"very_low": 0.0, "low": 26.8773, "medium": 40.31595, "high": 67.19325, "very_high": 107.5092}, "date": "2023-03-21", "cardio_load_status": "MAINTAINING", "cardio_load_ratio": 0.8918018, "cardio_load": 46.6704, "strain": 19.749313, "tolerance": 22.145407}, {"cardio_load_level": {"very_low": 0.0, "low": 26.490435, "medium": 39.735653, "high": 66.22609, "very_high": 105.96174}, "date": "2023-03-22", "cardio_load_status": "MAINTAINING", "cardio_load_ratio": 0.9645353, "cardio_load": 0.26108, "strain": 19.786612, "tolerance": 20.51414}, {"cardio_load_level": {"very_low": 0.0, "low": 25.973574, "medium": 38.96036, "high": 64.93394, "very_high": 103.894295}, "date": "2023-03-23", "cardio_load_status": "MAINTAINING", "cardio_load_ratio": 0.9645353, "cardio_load": 0.0, "strain": 19.786612, "tolerance": 20.51414}, {"cardio_load_level": {"very_low": 0.0, "low": 25.973574, "medium": 38.96036, "high": 64.93394, "very_high": 103.894295}, "date": "2023-03-24", "cardio_load_status": "DETRAINING", "cardio_load_ratio": 0.7060341, "cardio_load": 48.1602, "strain": 13.584525, "tolerance": 19.240606}, {"cardio_load_level": {"very_low": 0.0, "low": 25.547897, "medium": 38.321846, "high": 63.869743, "very_high": 102.19159}, "date": "2023-03-25", "cardio_load_status": "PRODUCTIVE", "cardio_load_ratio": 1.04233, "cardio_load": 61.256, "strain": 22.335382, "tolerance": 21.42832}]